time,value,approval_status,qualifier,monitoring_location_id
2005-07-07,0.5,Approved,['ESTIMATED'],USGS-06893940
2005-07-08,0.3,Approved,,USGS-06893940
2005-07-09,0.21,Approved,,USGS-06893940
2005-07-10,0.26,Approved,,USGS-06893940
2005-07-11,0.38,Approved,,USGS-06893940
2005-07-12,0.33,Approved,,USGS-06893940
2005-07-13,0.38,Approved,,USGS-06893940
2005-07-14,0.35,Approved,,USGS-06893940
2005-07-15,0.36,Approved,,USGS-06893940
2005-07-16,0.26,Approved,,USGS-06893940
2005-07-17,0.3,Approved,,USGS-06893940
2005-07-18,0.68,Approved,,USGS-06893940
2005-07-19,1.15,Approved,,USGS-06893940
2005-07-20,0.71,Approved,,USGS-06893940
2005-07-21,0.4,Approved,,USGS-06893940
2005-07-22,0.37,Approved,,USGS-06893940
2005-07-23,0.25,Approved,,USGS-06893940
2005-07-24,0.26,Approved,,USGS-06893940
2005-07-25,0.24,Approved,,USGS-06893940
2005-07-26,11.3,Approved,,USGS-06893940
2005-07-27,2.37,Approved,,USGS-06893940
2005-07-28,0.83,Approved,,USGS-06893940
2005-07-29,0.62,Approved,,USGS-06893940
2005-07-30,0.59,Approved,,USGS-06893940
2005-07-31,0.6,Approved,,USGS-06893940
2005-08-01,0.72,Approved,,USGS-06893940
2005-08-02,0.76,Approved,,USGS-06893940
2005-08-03,0.91,Approved,,USGS-06893940
2005-08-04,0.8,Approved,,USGS-06893940
2005-08-05,0.83,Approved,,USGS-06893940
2005-08-06,0.83,Approved,,USGS-06893940
2005-08-07,0.94,Approved,,USGS-06893940
2005-08-08,0.94,Approved,,USGS-06893940
2005-08-09,0.94,Approved,,USGS-06893940
2005-08-10,0.88,Approved,,USGS-06893940
2005-08-11,0.86,Approved,,USGS-06893940
2005-08-12,7.69,Approved,,USGS-06893940
2005-08-13,56.8,Approved,,USGS-06893940
2005-08-14,15.4,Approved,,USGS-06893940
2005-08-15,3.65,Approved,,USGS-06893940
2005-08-16,2.53,Approved,,USGS-06893940
2005-08-17,2.42,Approved,,USGS-06893940
2005-08-18,22.6,Approved,,USGS-06893940
2005-08-19,38.1,Approved,,USGS-06893940
2005-08-20,59.5,Approved,,USGS-06893940
2005-08-21,3.7,Approved,,USGS-06893940
2005-08-22,2.22,Approved,,USGS-06893940
2005-08-23,1.98,Approved,,USGS-06893940
2005-08-24,2.34,Approved,,USGS-06893940
2005-08-25,45.8,Approved,,USGS-06893940
2005-08-26,56.7,Approved,,USGS-06893940
2005-08-27,7.1,Approved,,USGS-06893940
2005-08-28,6.75,Approved,,USGS-06893940
2005-08-29,4.54,Approved,,USGS-06893940
2005-08-30,2.5,Approved,,USGS-06893940
2005-08-31,1.99,Approved,,USGS-06893940
2005-09-01,2.57,Approved,,USGS-06893940
2005-09-02,1.83,Approved,,USGS-06893940
2005-09-03,1.5,Approved,,USGS-06893940
2005-09-04,1.33,Approved,,USGS-06893940
2005-09-05,1.42,Approved,,USGS-06893940
2005-09-06,1.08,Approved,,USGS-06893940
2005-09-07,1.02,Approved,,USGS-06893940
2005-09-08,1.12,Approved,,USGS-06893940
2005-09-09,0.91,Approved,,USGS-06893940
2005-09-10,1.21,Approved,,USGS-06893940
2005-09-11,0.72,Approved,,USGS-06893940
2005-09-12,0.78,Approved,,USGS-06893940
2005-09-13,18.3,Approved,,USGS-06893940
2005-09-14,4.0,Approved,,USGS-06893940
2005-09-15,12.4,Approved,,USGS-06893940
2005-09-16,2.38,Approved,,USGS-06893940
2005-09-17,1.17,Approved,,USGS-06893940
2005-09-18,1.6,Approved,,USGS-06893940
2005-09-19,1.83,Approved,,USGS-06893940
2005-09-20,1.15,Approved,,USGS-06893940
2005-09-21,0.93,Approved,,USGS-06893940
2005-09-22,1.49,Approved,,USGS-06893940
2005-09-23,32.7,Approved,,USGS-06893940
2005-09-24,3.85,Approved,,USGS-06893940
2005-09-25,2.37,Approved,,USGS-06893940
2005-09-26,7.55,Approved,,USGS-06893940
2005-09-27,1.82,Approved,,USGS-06893940
2005-09-28,1.66,Approved,,USGS-06893940
2005-09-29,1.16,Approved,,USGS-06893940
2005-09-30,0.95,Approved,,USGS-06893940
2005-10-01,1.0,Approved,,USGS-06893940
2005-10-02,7.59,Approved,,USGS-06893940
2005-10-03,1.68,Approved,,USGS-06893940
2005-10-04,1.39,Approved,,USGS-06893940
2005-10-05,1.25,Approved,,USGS-06893940
2005-10-06,1.27,Approved,,USGS-06893940
2005-10-07,1.03,Approved,,USGS-06893940
2005-10-08,1.07,Approved,,USGS-06893940
2005-10-09,0.87,Approved,,USGS-06893940
2005-10-10,0.83,Approved,,USGS-06893940
2005-10-11,0.8,Approved,,USGS-06893940
2005-10-12,0.95,Approved,,USGS-06893940
2005-10-13,0.85,Approved,,USGS-06893940
2005-10-14,0.92,Approved,,USGS-06893940
2005-10-15,0.82,Approved,,USGS-06893940
2005-10-16,0.76,Approved,,USGS-06893940
2005-10-17,0.89,Approved,,USGS-06893940
2005-10-18,1.1,Approved,,USGS-06893940
2005-10-19,1.11,Approved,,USGS-06893940
2005-10-20,11.6,Approved,,USGS-06893940
2005-10-21,1.65,Approved,,USGS-06893940
2005-10-22,4.02,Approved,,USGS-06893940
2005-10-23,2.2,Approved,,USGS-06893940
2005-10-24,1.53,Approved,,USGS-06893940
2005-10-25,1.31,Approved,,USGS-06893940
2005-10-26,1.28,Approved,,USGS-06893940
2005-10-27,1.28,Approved,,USGS-06893940
2005-10-28,1.07,Approved,,USGS-06893940
2005-10-29,1.02,Approved,,USGS-06893940
2005-10-30,0.94,Approved,,USGS-06893940
2005-10-31,2.39,Approved,,USGS-06893940
2005-11-01,1.26,Approved,,USGS-06893940
2005-11-02,0.96,Approved,,USGS-06893940
2005-11-03,0.74,Approved,,USGS-06893940
2005-11-04,0.9,Approved,,USGS-06893940
2005-11-05,0.91,Approved,,USGS-06893940
2005-11-06,0.92,Approved,,USGS-06893940
2005-11-07,1.0,Approved,,USGS-06893940
2005-11-08,1.42,Approved,,USGS-06893940
2005-11-09,1.47,Approved,,USGS-06893940
2005-11-10,1.12,Approved,,USGS-06893940
2005-11-11,0.84,Approved,,USGS-06893940
2005-11-12,0.94,Approved,,USGS-06893940
2005-11-13,1.13,Approved,,USGS-06893940
2005-11-14,0.82,Approved,,USGS-06893940
2005-11-15,9.6,Approved,,USGS-06893940
2005-11-16,1.9,Approved,,USGS-06893940
2005-11-17,1.0,Approved,,USGS-06893940
2005-11-18,0.85,Approved,,USGS-06893940
2005-11-19,1.0,Approved,,USGS-06893940
2005-11-20,0.91,Approved,,USGS-06893940
2005-11-21,0.91,Approved,,USGS-06893940
2005-11-22,0.98,Approved,,USGS-06893940
2005-11-23,0.97,Approved,,USGS-06893940
2005-11-24,0.87,Approved,,USGS-06893940
2005-11-25,0.77,Approved,,USGS-06893940
2005-11-26,0.83,Approved,,USGS-06893940
2005-11-27,0.89,Approved,,USGS-06893940
2005-11-28,1.86,Approved,,USGS-06893940
2005-11-29,0.86,Approved,,USGS-06893940
2005-11-30,0.64,Approved,,USGS-06893940
2005-12-01,0.57,Approved,,USGS-06893940
2005-12-02,0.61,Approved,,USGS-06893940
2005-12-03,1.05,Approved,,USGS-06893940
2005-12-04,0.57,Approved,,USGS-06893940
2005-12-05,0.53,Approved,,USGS-06893940
2005-12-06,0.51,Approved,,USGS-06893940
2005-12-07,0.44,Approved,,USGS-06893940
2005-12-08,0.58,Approved,,USGS-06893940
2005-12-09,0.63,Approved,,USGS-06893940
2005-12-10,3.42,Approved,,USGS-06893940
2005-12-11,2.06,Approved,,USGS-06893940
2005-12-12,1.53,Approved,,USGS-06893940
2005-12-13,1.24,Approved,,USGS-06893940
2005-12-14,3.01,Approved,,USGS-06893940
2005-12-15,1.14,Approved,,USGS-06893940
2005-12-16,0.84,Approved,,USGS-06893940
2005-12-17,0.77,Approved,,USGS-06893940
2005-12-18,0.84,Approved,,USGS-06893940
2005-12-19,0.68,Approved,,USGS-06893940
2005-12-20,0.68,Approved,,USGS-06893940
2005-12-21,0.71,Approved,,USGS-06893940
2005-12-22,1.56,Approved,,USGS-06893940
2005-12-23,0.56,Approved,,USGS-06893940
2005-12-24,7.25,Approved,,USGS-06893940
2005-12-25,1.76,Approved,,USGS-06893940
2005-12-26,0.74,Approved,,USGS-06893940
2005-12-27,0.69,Approved,,USGS-06893940
2005-12-28,0.65,Approved,,USGS-06893940
2005-12-29,0.57,Approved,,USGS-06893940
2005-12-30,0.76,Approved,,USGS-06893940
2005-12-31,0.78,Approved,,USGS-06893940
2006-01-01,0.66,Approved,,USGS-06893940
2006-01-02,0.65,Approved,,USGS-06893940
2006-01-03,0.63,Approved,,USGS-06893940
2006-01-04,0.75,Approved,,USGS-06893940
2006-01-05,0.73,Approved,,USGS-06893940
2006-01-06,0.69,Approved,,USGS-06893940
2006-01-07,0.66,Approved,,USGS-06893940
2006-01-08,0.67,Approved,,USGS-06893940
2006-01-09,0.5,Approved,,USGS-06893940
2006-01-10,0.72,Approved,,USGS-06893940
2006-01-11,0.81,Approved,,USGS-06893940
2006-01-12,0.59,Approved,,USGS-06893940
2006-01-13,0.54,Approved,,USGS-06893940
2006-01-14,0.57,Approved,,USGS-06893940
2006-01-15,0.51,Approved,,USGS-06893940
2006-01-16,0.5,Approved,,USGS-06893940
2006-01-17,0.49,Approved,,USGS-06893940
2006-01-18,0.49,Approved,,USGS-06893940
2006-01-19,0.49,Approved,,USGS-06893940
2006-01-20,0.8,Approved,,USGS-06893940
2006-01-21,0.84,Approved,,USGS-06893940
2006-01-22,0.54,Approved,,USGS-06893940
2006-01-23,0.51,Approved,,USGS-06893940
2006-01-24,0.55,Approved,,USGS-06893940
2006-01-25,0.62,Approved,,USGS-06893940
2006-01-26,0.55,Approved,,USGS-06893940
2006-01-27,0.62,Approved,,USGS-06893940
2006-01-28,4.4,Approved,,USGS-06893940
2006-01-29,1.17,Approved,,USGS-06893940
2006-01-30,0.52,Approved,,USGS-06893940
2006-01-31,0.36,Approved,,USGS-06893940
2006-02-01,0.32,Approved,,USGS-06893940
2006-02-02,0.38,Approved,,USGS-06893940
2006-02-03,0.36,Approved,,USGS-06893940
2006-02-04,0.32,Approved,,USGS-06893940
2006-02-05,0.29,Approved,,USGS-06893940
2006-02-06,0.26,Approved,,USGS-06893940
2006-02-07,0.23,Approved,,USGS-06893940
2006-02-08,0.26,Approved,,USGS-06893940
2006-02-09,0.22,Approved,,USGS-06893940
2006-02-10,0.23,Approved,,USGS-06893940
2006-02-11,0.23,Approved,,USGS-06893940
2006-02-12,0.26,Approved,,USGS-06893940
2006-02-13,0.26,Approved,,USGS-06893940
2006-02-14,0.28,Approved,,USGS-06893940
2006-02-15,0.31,Approved,,USGS-06893940
2006-02-16,0.47,Approved,,USGS-06893940
2006-02-17,0.57,Approved,,USGS-06893940
2006-02-18,0.32,Approved,,USGS-06893940
2006-02-19,0.22,Approved,,USGS-06893940
2006-02-20,0.36,Approved,,USGS-06893940
2006-02-21,0.48,Approved,,USGS-06893940
2006-02-22,0.48,Approved,,USGS-06893940
2006-02-23,0.48,Approved,,USGS-06893940
2006-02-24,0.42,Approved,,USGS-06893940
2006-02-25,0.76,Approved,,USGS-06893940
2006-02-26,0.79,Approved,,USGS-06893940
2006-02-27,0.52,Approved,,USGS-06893940
2006-02-28,0.44,Approved,,USGS-06893940
2006-03-01,0.36,Approved,,USGS-06893940
2006-03-02,0.4,Approved,,USGS-06893940
2006-03-03,0.36,Approved,,USGS-06893940
2006-03-04,3.16,Approved,,USGS-06893940
2006-03-05,1.05,Approved,,USGS-06893940
2006-03-06,0.6,Approved,,USGS-06893940
2006-03-07,0.49,Approved,,USGS-06893940
2006-03-08,0.56,Approved,,USGS-06893940
2006-03-09,8.07,Approved,,USGS-06893940
2006-03-10,1.05,Approved,,USGS-06893940
2006-03-11,0.48,Approved,,USGS-06893940
2006-03-12,3.99,Approved,,USGS-06893940
2006-03-13,2.0,Approved,,USGS-06893940
2006-03-14,0.45,Approved,,USGS-06893940
2006-03-15,0.35,Approved,,USGS-06893940
2006-03-16,0.37,Approved,,USGS-06893940
2006-03-17,0.32,Approved,,USGS-06893940
2006-03-18,0.24,Approved,,USGS-06893940
2006-03-19,0.25,Approved,,USGS-06893940
2006-03-20,4.2,Approved,,USGS-06893940
2006-03-21,5.2,Approved,,USGS-06893940
2006-03-22,1.1,Approved,,USGS-06893940
2006-03-23,0.6,Approved,,USGS-06893940
2006-03-24,0.57,Approved,,USGS-06893940
2006-03-25,0.49,Approved,,USGS-06893940
2006-03-26,0.43,Approved,,USGS-06893940
2006-03-27,3.4,Approved,,USGS-06893940
2006-03-28,0.86,Approved,,USGS-06893940
2006-03-29,0.48,Approved,,USGS-06893940
2006-03-30,2.56,Approved,,USGS-06893940
2006-03-31,1.9,Approved,,USGS-06893940
2006-04-01,0.59,Approved,,USGS-06893940
2006-04-02,6.0,Approved,,USGS-06893940
2006-04-03,1.8,Approved,,USGS-06893940
2006-04-04,1.3,Approved,,USGS-06893940
2006-04-05,1.0,Approved,,USGS-06893940
2006-04-06,1.22,Approved,,USGS-06893940
2006-04-07,1.25,Approved,,USGS-06893940
2006-04-08,0.7,Approved,,USGS-06893940
2006-04-09,0.53,Approved,,USGS-06893940
2006-04-10,0.54,Approved,,USGS-06893940
2006-04-11,1.0,Approved,,USGS-06893940
2006-04-12,0.99,Approved,,USGS-06893940
2006-04-13,0.91,Approved,,USGS-06893940
2006-04-14,0.92,Approved,,USGS-06893940
2006-04-15,0.88,Approved,,USGS-06893940
2006-04-16,0.81,Approved,,USGS-06893940
2006-04-17,1.0,Approved,,USGS-06893940
2006-04-18,1.1,Approved,,USGS-06893940
2006-04-19,1.1,Approved,,USGS-06893940
2006-04-20,0.65,Approved,,USGS-06893940
2006-04-21,0.64,Approved,,USGS-06893940
2006-04-22,0.82,Approved,,USGS-06893940
2006-04-23,3.7,Approved,,USGS-06893940
2006-04-24,3.1,Approved,,USGS-06893940
2006-04-25,3.9,Approved,,USGS-06893940
2006-04-26,1.6,Approved,,USGS-06893940
2006-04-27,1.4,Approved,,USGS-06893940
2006-04-28,6.9,Approved,,USGS-06893940
2006-04-29,12.3,Approved,,USGS-06893940
2006-04-30,18.4,Approved,,USGS-06893940
2006-05-01,3.22,Approved,,USGS-06893940
2006-05-02,2.15,Approved,,USGS-06893940
2006-05-03,15.4,Approved,,USGS-06893940
2006-05-04,3.71,Approved,,USGS-06893940
2006-05-05,2.45,Approved,,USGS-06893940
2006-05-06,2.0,Approved,,USGS-06893940
2006-05-07,1.79,Approved,,USGS-06893940
2006-05-08,1.72,Approved,,USGS-06893940
2006-05-09,4.52,Approved,,USGS-06893940
2006-05-10,1.51,Approved,,USGS-06893940
2006-05-11,1.28,Approved,,USGS-06893940
2006-05-12,1.39,Approved,,USGS-06893940
2006-05-13,1.06,Approved,,USGS-06893940
2006-05-14,0.9,Approved,,USGS-06893940
2006-05-15,0.71,Approved,,USGS-06893940
2006-05-16,0.67,Approved,,USGS-06893940
2006-05-17,0.62,Approved,,USGS-06893940
2006-05-18,0.75,Approved,,USGS-06893940
2006-05-19,0.78,Approved,,USGS-06893940
2006-05-20,0.74,Approved,,USGS-06893940
2006-05-21,0.66,Approved,,USGS-06893940
2006-05-22,0.65,Approved,,USGS-06893940
2006-05-23,0.73,Approved,,USGS-06893940
2006-05-24,3.2,Approved,,USGS-06893940
2006-05-25,1.64,Approved,,USGS-06893940
2006-05-26,0.49,Approved,,USGS-06893940
2006-05-27,0.41,Approved,,USGS-06893940
2006-05-28,0.33,Approved,,USGS-06893940
2006-05-29,4.31,Approved,,USGS-06893940
2006-05-30,1.0,Approved,,USGS-06893940
2006-05-31,2.7,Approved,,USGS-06893940
2006-06-01,0.85,Approved,,USGS-06893940
2006-06-02,0.47,Approved,,USGS-06893940
2006-06-03,0.33,Approved,,USGS-06893940
2006-06-04,2.15,Approved,,USGS-06893940
2006-06-05,1.27,Approved,,USGS-06893940
2006-06-06,2.03,Approved,,USGS-06893940
2006-06-07,0.53,Approved,,USGS-06893940
2006-06-08,0.31,Approved,,USGS-06893940
2006-06-09,0.27,Approved,,USGS-06893940
2006-06-10,0.24,Approved,,USGS-06893940
2006-06-11,2.41,Approved,,USGS-06893940
2006-06-12,0.34,Approved,,USGS-06893940
2006-06-13,0.23,Approved,,USGS-06893940
2006-06-14,0.14,Approved,,USGS-06893940
2006-06-15,0.14,Approved,,USGS-06893940
2006-06-16,0.12,Approved,,USGS-06893940
2006-06-17,0.18,Approved,,USGS-06893940
2006-06-18,0.16,Approved,,USGS-06893940
2006-06-19,0.16,Approved,,USGS-06893940
2006-06-20,0.08,Approved,,USGS-06893940
2006-06-21,0.07,Approved,,USGS-06893940
2006-06-22,5.27,Approved,,USGS-06893940
2006-06-23,0.75,Approved,,USGS-06893940
2006-06-24,1.21,Approved,,USGS-06893940
2006-06-25,0.63,Approved,,USGS-06893940
2006-06-26,0.22,Approved,,USGS-06893940
2006-06-27,0.13,Approved,,USGS-06893940
2006-06-28,0.13,Approved,,USGS-06893940
2006-06-29,0.18,Approved,,USGS-06893940
2006-06-30,0.16,Approved,,USGS-06893940
2006-07-01,0.13,Approved,,USGS-06893940
2006-07-02,0.11,Approved,,USGS-06893940
2006-07-03,0.12,Approved,,USGS-06893940
2006-07-04,12.5,Approved,,USGS-06893940
2006-07-05,0.34,Approved,,USGS-06893940
2006-07-06,0.17,Approved,,USGS-06893940
2006-07-07,0.22,Approved,,USGS-06893940
2006-07-08,0.2,Approved,,USGS-06893940
2006-07-09,0.17,Approved,,USGS-06893940
2006-07-10,2.86,Approved,,USGS-06893940
2006-07-11,1.29,Approved,,USGS-06893940
2006-07-12,0.79,Approved,,USGS-06893940
2006-07-13,1.2,Approved,,USGS-06893940
2006-07-14,6.61,Approved,,USGS-06893940
2006-07-15,0.51,Approved,,USGS-06893940
2006-07-16,0.24,Approved,,USGS-06893940
2006-07-17,0.18,Approved,,USGS-06893940
2006-07-18,0.13,Approved,,USGS-06893940
2006-07-19,0.09,Approved,,USGS-06893940
2006-07-20,0.06,Approved,,USGS-06893940
2006-07-21,1.0,Approved,,USGS-06893940
2006-07-22,0.34,Approved,,USGS-06893940
2006-07-23,0.11,Approved,,USGS-06893940
2006-07-24,0.05,Approved,,USGS-06893940
2006-07-25,0.03,Approved,,USGS-06893940
2006-07-26,0.04,Approved,,USGS-06893940
2006-07-27,0.02,Approved,,USGS-06893940
2006-07-28,0.01,Approved,,USGS-06893940
2006-07-29,0.0,Approved,,USGS-06893940
2006-07-30,0.02,Approved,,USGS-06893940
2006-07-31,0.05,Approved,,USGS-06893940
2006-08-01,0.0,Approved,,USGS-06893940
2006-08-02,0.65,Approved,,USGS-06893940
2006-08-03,5.4,Approved,,USGS-06893940
2006-08-04,0.42,Approved,,USGS-06893940
2006-08-05,0.38,Approved,,USGS-06893940
2006-08-06,0.17,Approved,,USGS-06893940
2006-08-07,0.3,Approved,,USGS-06893940
2006-08-08,0.08,Approved,,USGS-06893940
2006-08-09,0.07,Approved,,USGS-06893940
2006-08-10,0.22,Approved,,USGS-06893940
2006-08-11,0.23,Approved,,USGS-06893940
2006-08-12,0.13,Approved,,USGS-06893940
2006-08-13,0.52,Approved,,USGS-06893940
2006-08-14,11.1,Approved,,USGS-06893940
2006-08-15,0.52,Approved,,USGS-06893940
2006-08-16,0.13,Approved,,USGS-06893940
2006-08-17,0.1,Approved,,USGS-06893940
2006-08-18,0.24,Approved,,USGS-06893940
2006-08-19,5.43,Approved,,USGS-06893940
2006-08-20,0.49,Approved,,USGS-06893940
2006-08-21,0.21,Approved,,USGS-06893940
2006-08-22,0.19,Approved,,USGS-06893940
2006-08-23,0.19,Approved,,USGS-06893940
2006-08-24,0.14,Approved,,USGS-06893940
2006-08-25,6.28,Approved,,USGS-06893940
2006-08-26,20.6,Approved,,USGS-06893940
2006-08-27,51.1,Approved,,USGS-06893940
2006-08-28,6.4,Approved,,USGS-06893940
2006-08-29,1.45,Approved,,USGS-06893940
2006-08-30,0.64,Approved,,USGS-06893940
2006-08-31,0.4,Approved,,USGS-06893940
2006-09-01,0.33,Approved,,USGS-06893940
2006-09-02,0.47,Approved,,USGS-06893940
2006-09-03,0.58,Approved,,USGS-06893940
2006-09-04,0.36,Approved,,USGS-06893940
2006-09-05,0.28,Approved,,USGS-06893940
2006-09-06,0.23,Approved,,USGS-06893940
2006-09-07,0.23,Approved,,USGS-06893940
2006-09-08,0.2,Approved,,USGS-06893940
2006-09-09,0.38,Approved,,USGS-06893940
2006-09-10,0.79,Approved,,USGS-06893940
2006-09-11,0.81,Approved,,USGS-06893940
2006-09-12,0.34,Approved,,USGS-06893940
2006-09-13,0.25,Approved,,USGS-06893940
2006-09-14,0.18,Approved,,USGS-06893940
2006-09-15,0.11,Approved,,USGS-06893940
2006-09-16,0.19,Approved,,USGS-06893940
2006-09-17,4.73,Approved,,USGS-06893940
2006-09-18,0.4,Approved,,USGS-06893940
2006-09-19,0.17,Approved,,USGS-06893940
2006-09-20,0.14,Approved,,USGS-06893940
2006-09-21,0.63,Approved,,USGS-06893940
2006-09-22,7.28,Approved,,USGS-06893940
2006-09-23,0.56,Approved,,USGS-06893940
2006-09-24,0.1,Approved,,USGS-06893940
2006-09-25,0.04,Approved,,USGS-06893940
2006-09-26,0.06,Approved,,USGS-06893940
2006-09-27,0.44,Approved,,USGS-06893940
2006-09-28,1.75,Approved,,USGS-06893940
2006-09-29,0.47,Approved,,USGS-06893940
2006-09-30,0.35,Approved,,USGS-06893940
2006-10-01,0.18,Approved,,USGS-06893940
2006-10-02,0.28,Approved,,USGS-06893940
2006-10-03,0.38,Approved,,USGS-06893940
2006-10-04,0.23,Approved,,USGS-06893940
2006-10-05,0.58,Approved,,USGS-06893940
2006-10-06,0.08,Approved,,USGS-06893940
2006-10-07,0.06,Approved,,USGS-06893940
2006-10-08,0.14,Approved,,USGS-06893940
2006-10-09,0.14,Approved,,USGS-06893940
2006-10-10,2.51,Approved,,USGS-06893940
2006-10-11,3.21,Approved,,USGS-06893940
2006-10-12,0.23,Approved,,USGS-06893940
2006-10-13,0.14,Approved,,USGS-06893940
2006-10-14,0.11,Approved,,USGS-06893940
2006-10-15,12.1,Approved,,USGS-06893940
2006-10-16,3.24,Approved,,USGS-06893940
2006-10-17,3.01,Approved,,USGS-06893940
2006-10-18,0.8,Approved,,USGS-06893940
2006-10-19,0.48,Approved,,USGS-06893940
2006-10-20,0.38,Approved,,USGS-06893940
2006-10-21,11.4,Approved,,USGS-06893940
2006-10-22,2.43,Approved,,USGS-06893940
2006-10-23,1.04,Approved,,USGS-06893940
2006-10-24,0.75,Approved,,USGS-06893940
2006-10-25,1.04,Approved,,USGS-06893940
2006-10-26,10.3,Approved,,USGS-06893940
2006-10-27,30.6,Approved,,USGS-06893940
2006-10-28,3.48,Approved,,USGS-06893940
2006-10-29,1.7,Approved,,USGS-06893940
2006-10-30,1.34,Approved,,USGS-06893940
2006-10-31,1.25,Approved,,USGS-06893940
2006-11-01,1.02,Approved,,USGS-06893940
2006-11-02,0.89,Approved,,USGS-06893940
2006-11-03,0.84,Approved,,USGS-06893940
2006-11-04,0.67,Approved,,USGS-06893940
2006-11-05,0.62,Approved,,USGS-06893940
2006-11-06,0.57,Approved,,USGS-06893940
2006-11-07,0.53,Approved,,USGS-06893940
2006-11-08,0.47,Approved,,USGS-06893940
2006-11-09,0.42,Approved,,USGS-06893940
2006-11-10,0.37,Approved,,USGS-06893940
2006-11-11,0.45,Approved,,USGS-06893940
2006-11-12,0.45,Approved,,USGS-06893940
2006-11-13,0.79,Approved,,USGS-06893940
2006-11-14,0.43,Approved,,USGS-06893940
2006-11-15,0.32,Approved,,USGS-06893940
2006-11-16,0.39,Approved,,USGS-06893940
2006-11-17,0.34,Approved,,USGS-06893940
2006-11-18,0.28,Approved,,USGS-06893940
2006-11-19,0.27,Approved,,USGS-06893940
2006-11-20,0.25,Approved,,USGS-06893940
2006-11-21,0.27,Approved,,USGS-06893940
2006-11-22,0.26,Approved,,USGS-06893940
2006-11-23,0.2,Approved,,USGS-06893940
2006-11-24,0.16,Approved,,USGS-06893940
2006-11-25,0.16,Approved,,USGS-06893940
2006-11-26,0.18,Approved,,USGS-06893940
2006-11-27,4.32,Approved,,USGS-06893940
2006-11-28,13.1,Approved,,USGS-06893940
2006-11-29,17.7,Approved,,USGS-06893940
2006-11-30,5.43,Approved,,USGS-06893940
2006-12-01,3.01,Approved,,USGS-06893940
2006-12-02,2.88,Approved,,USGS-06893940
2006-12-03,1.97,Approved,,USGS-06893940
2006-12-04,1.58,Approved,,USGS-06893940
2006-12-05,1.64,Approved,,USGS-06893940
2006-12-06,2.4,Approved,,USGS-06893940
2006-12-07,2.06,Approved,,USGS-06893940
2006-12-08,1.39,Approved,,USGS-06893940
2006-12-09,1.41,Approved,,USGS-06893940
2006-12-10,1.65,Approved,,USGS-06893940
2006-12-11,1.81,Approved,,USGS-06893940
2006-12-12,1.63,Approved,,USGS-06893940
2006-12-13,1.13,Approved,,USGS-06893940
2006-12-14,1.07,Approved,,USGS-06893940
2006-12-15,0.79,Approved,,USGS-06893940
2006-12-16,0.77,Approved,,USGS-06893940
2006-12-17,0.68,Approved,,USGS-06893940
2006-12-18,0.55,Approved,,USGS-06893940
2006-12-19,0.51,Approved,,USGS-06893940
2006-12-20,29.2,Approved,,USGS-06893940
2006-12-21,6.74,Approved,,USGS-06893940
2006-12-22,3.08,Approved,,USGS-06893940
2006-12-23,2.48,Approved,,USGS-06893940
2006-12-24,1.69,Approved,,USGS-06893940
2006-12-25,1.51,Approved,,USGS-06893940
2006-12-26,1.41,Approved,,USGS-06893940
2006-12-27,1.29,Approved,,USGS-06893940
2006-12-28,1.17,Approved,,USGS-06893940
2006-12-29,1.08,Approved,,USGS-06893940
2006-12-30,15.8,Approved,,USGS-06893940
2006-12-31,8.01,Approved,,USGS-06893940
2007-01-01,3.07,Approved,,USGS-06893940
2007-01-02,2.29,Approved,,USGS-06893940
2007-01-03,2.06,Approved,,USGS-06893940
2007-01-04,1.96,Approved,,USGS-06893940
2007-01-05,1.86,Approved,,USGS-06893940
2007-01-06,1.93,Approved,,USGS-06893940
2007-01-07,1.62,Approved,,USGS-06893940
2007-01-08,1.58,Approved,,USGS-06893940
2007-01-09,1.36,Approved,,USGS-06893940
2007-01-10,1.24,Approved,,USGS-06893940
2007-01-11,1.3,Approved,,USGS-06893940
2007-01-12,1.23,Approved,,USGS-06893940
2007-01-13,1.15,Approved,,USGS-06893940
2007-01-14,1.29,Approved,,USGS-06893940
2007-01-15,1.38,Approved,,USGS-06893940
2007-01-16,0.89,Approved,,USGS-06893940
2007-01-17,0.83,Approved,,USGS-06893940
2007-01-18,1.82,Approved,,USGS-06893940
2007-01-19,1.96,Approved,,USGS-06893940
2007-01-20,1.42,Approved,,USGS-06893940
2007-01-21,1.77,Approved,,USGS-06893940
2007-01-22,1.38,Approved,,USGS-06893940
2007-01-23,1.19,Approved,,USGS-06893940
2007-01-24,2.03,Approved,,USGS-06893940
2007-01-25,1.98,Approved,,USGS-06893940
2007-01-26,3.92,Approved,,USGS-06893940
2007-01-27,2.88,Approved,,USGS-06893940
2007-01-28,1.61,Approved,,USGS-06893940
2007-01-29,1.47,Approved,,USGS-06893940
2007-01-30,1.17,Approved,,USGS-06893940
2007-01-31,1.06,Approved,,USGS-06893940
2007-02-01,1.33,Approved,,USGS-06893940
2007-02-02,1.06,Approved,,USGS-06893940
2007-02-03,0.87,Approved,,USGS-06893940
2007-02-04,0.75,Approved,,USGS-06893940
2007-02-05,0.75,Approved,,USGS-06893940
2007-02-06,0.97,Approved,,USGS-06893940
2007-02-07,0.94,Approved,,USGS-06893940
2007-02-08,0.75,Approved,,USGS-06893940
2007-02-09,0.69,Approved,,USGS-06893940
2007-02-10,0.64,Approved,,USGS-06893940
2007-02-11,0.74,Approved,,USGS-06893940
2007-02-12,6.33,Approved,,USGS-06893940
2007-02-13,4.48,Approved,,USGS-06893940
2007-02-14,1.89,Approved,,USGS-06893940
2007-02-15,1.48,Approved,,USGS-06893940
2007-02-16,1.36,Approved,,USGS-06893940
2007-02-17,1.7,Approved,,USGS-06893940
2007-02-18,3.98,Approved,,USGS-06893940
2007-02-19,9.97,Approved,,USGS-06893940
2007-02-20,4.06,Approved,,USGS-06893940
2007-02-21,2.68,Approved,,USGS-06893940
2007-02-22,2.21,Approved,,USGS-06893940
2007-02-23,1.93,Approved,,USGS-06893940
2007-02-24,23.5,Approved,,USGS-06893940
2007-02-25,7.28,Approved,,USGS-06893940
2007-02-26,4.12,Approved,,USGS-06893940
2007-02-27,3.26,Approved,,USGS-06893940
2007-02-28,26.5,Approved,,USGS-06893940
2007-03-01,80.0,Approved,['ESTIMATED'],USGS-06893940
2007-03-02,8.99,Approved,,USGS-06893940
2007-03-03,5.71,Approved,,USGS-06893940
2007-03-04,4.47,Approved,,USGS-06893940
2007-03-05,3.83,Approved,,USGS-06893940
2007-03-06,3.32,Approved,,USGS-06893940
2007-03-07,2.93,Approved,,USGS-06893940
2007-03-08,2.65,Approved,,USGS-06893940
2007-03-09,4.44,Approved,,USGS-06893940
2007-03-10,2.6,Approved,,USGS-06893940
2007-03-11,2.22,Approved,,USGS-06893940
2007-03-12,2.06,Approved,,USGS-06893940
2007-03-13,1.92,Approved,,USGS-06893940
2007-03-14,1.86,Approved,,USGS-06893940
2007-03-15,1.59,Approved,,USGS-06893940
2007-03-16,1.45,Approved,,USGS-06893940
2007-03-17,1.36,Approved,,USGS-06893940
2007-03-18,1.33,Approved,,USGS-06893940
2007-03-19,1.35,Approved,,USGS-06893940
2007-03-20,3.99,Approved,,USGS-06893940
2007-03-21,2.05,Approved,,USGS-06893940
2007-03-22,2.57,Approved,,USGS-06893940
2007-03-23,8.54,Approved,,USGS-06893940
2007-03-24,2.42,Approved,,USGS-06893940
2007-03-25,1.82,Approved,,USGS-06893940
2007-03-26,1.64,Approved,,USGS-06893940
2007-03-27,1.4,Approved,,USGS-06893940
2007-03-28,1.33,Approved,,USGS-06893940
2007-03-29,2.32,Approved,,USGS-06893940
2007-03-30,13.9,Approved,,USGS-06893940
2007-03-31,14.7,Approved,,USGS-06893940
2007-04-01,4.37,Approved,,USGS-06893940
2007-04-02,3.22,Approved,,USGS-06893940
2007-04-03,13.4,Approved,,USGS-06893940
2007-04-04,4.01,Approved,,USGS-06893940
2007-04-05,3.15,Approved,,USGS-06893940
2007-04-06,2.89,Approved,,USGS-06893940
2007-04-07,2.61,Approved,,USGS-06893940
2007-04-08,2.43,Approved,,USGS-06893940
2007-04-09,2.26,Approved,,USGS-06893940
2007-04-10,9.36,Approved,,USGS-06893940
2007-04-11,17.1,Approved,,USGS-06893940
2007-04-12,5.28,Approved,,USGS-06893940
2007-04-13,6.38,Approved,,USGS-06893940
2007-04-14,19.8,Approved,,USGS-06893940
2007-04-15,7.04,Approved,,USGS-06893940
2007-04-16,5.25,Approved,,USGS-06893940
2007-04-17,4.42,Approved,,USGS-06893940
2007-04-18,3.81,Approved,,USGS-06893940
2007-04-19,3.34,Approved,,USGS-06893940
2007-04-20,2.94,Approved,,USGS-06893940
2007-04-21,2.58,Approved,,USGS-06893940
2007-04-22,2.44,Approved,,USGS-06893940
2007-04-23,2.48,Approved,,USGS-06893940
2007-04-24,3.11,Approved,,USGS-06893940
2007-04-25,13.6,Approved,,USGS-06893940
2007-04-26,12.0,Approved,,USGS-06893940
2007-04-27,6.84,Approved,,USGS-06893940
2007-04-28,4.85,Approved,,USGS-06893940
2007-04-29,3.5,Approved,,USGS-06893940
2007-04-30,3.11,Approved,,USGS-06893940
2007-05-01,2.92,Approved,,USGS-06893940
2007-05-02,18.2,Approved,,USGS-06893940
2007-05-03,19.5,Approved,,USGS-06893940
2007-05-04,16.0,Approved,,USGS-06893940
2007-05-05,7.09,Approved,,USGS-06893940
2007-05-06,200.0,Approved,['ESTIMATED'],USGS-06893940
2007-05-07,250.0,Approved,['ESTIMATED'],USGS-06893940
2007-05-08,30.5,Approved,,USGS-06893940
2007-05-09,23.2,Approved,,USGS-06893940
2007-05-10,16.0,Approved,,USGS-06893940
2007-05-11,12.7,Approved,,USGS-06893940
2007-05-12,5.68,Approved,,USGS-06893940
2007-05-13,4.84,Approved,,USGS-06893940
2007-05-14,4.02,Approved,,USGS-06893940
2007-05-15,11.1,Approved,,USGS-06893940
2007-05-16,5.21,Approved,,USGS-06893940
2007-05-17,4.23,Approved,,USGS-06893940
2007-05-18,3.05,Approved,,USGS-06893940
2007-05-19,2.17,Approved,,USGS-06893940
2007-05-20,1.94,Approved,,USGS-06893940
2007-05-21,1.79,Approved,,USGS-06893940
2007-05-22,1.66,Approved,,USGS-06893940
2007-05-23,1.56,Approved,,USGS-06893940
2007-05-24,1.79,Approved,,USGS-06893940
2007-05-25,1.34,Approved,,USGS-06893940
2007-05-26,1.34,Approved,,USGS-06893940
2007-05-27,19.7,Approved,,USGS-06893940
2007-05-28,3.6,Approved,,USGS-06893940
2007-05-29,3.22,Approved,,USGS-06893940
2007-05-30,50.0,Approved,['ESTIMATED'],USGS-06893940
2007-05-31,10.6,Approved,,USGS-06893940
2007-06-01,34.1,Approved,,USGS-06893940
2007-06-02,10.1,Approved,,USGS-06893940
2007-06-03,5.7,Approved,,USGS-06893940
2007-06-04,4.42,Approved,,USGS-06893940
2007-06-05,3.34,Approved,,USGS-06893940
2007-06-06,2.62,Approved,,USGS-06893940
2007-06-07,3.44,Approved,,USGS-06893940
2007-06-08,2.64,Approved,,USGS-06893940
2007-06-09,1.83,Approved,,USGS-06893940
2007-06-10,17.8,Approved,,USGS-06893940
2007-06-11,4.22,Approved,,USGS-06893940
2007-06-12,2.64,Approved,,USGS-06893940
2007-06-13,2.45,Approved,,USGS-06893940
2007-06-14,2.28,Approved,,USGS-06893940
2007-06-15,1.42,Approved,,USGS-06893940
2007-06-16,1.23,Approved,,USGS-06893940
2007-06-17,1.14,Approved,,USGS-06893940
2007-06-18,4.63,Approved,,USGS-06893940
2007-06-19,1.61,Approved,,USGS-06893940
2007-06-20,1.07,Approved,,USGS-06893940
2007-06-21,1.15,Approved,,USGS-06893940
2007-06-22,0.89,Approved,,USGS-06893940
2007-06-23,7.94,Approved,,USGS-06893940
2007-06-24,1.16,Approved,,USGS-06893940
2007-06-25,0.94,Approved,,USGS-06893940
2007-06-26,3.46,Approved,,USGS-06893940
2007-06-27,8.55,Approved,,USGS-06893940
2007-06-28,24.0,Approved,,USGS-06893940
2007-06-29,12.2,Approved,,USGS-06893940
2007-06-30,34.4,Approved,,USGS-06893940
2007-07-01,10.3,Approved,,USGS-06893940
2007-07-02,5.52,Approved,,USGS-06893940
2007-07-03,3.98,Approved,,USGS-06893940
2007-07-04,10.3,Approved,,USGS-06893940
2007-07-05,4.74,Approved,,USGS-06893940
2007-07-06,3.01,Approved,,USGS-06893940
2007-07-07,2.41,Approved,,USGS-06893940
2007-07-08,2.02,Approved,,USGS-06893940
2007-07-09,3.43,Approved,,USGS-06893940
2007-07-10,1.74,Approved,,USGS-06893940
2007-07-11,1.44,Approved,,USGS-06893940
2007-07-12,1.31,Approved,,USGS-06893940
2007-07-13,1.17,Approved,,USGS-06893940
2007-07-14,1.08,Approved,,USGS-06893940
2007-07-15,0.77,Approved,,USGS-06893940
2007-07-16,1.05,Approved,,USGS-06893940
2007-07-17,0.75,Approved,,USGS-06893940
2007-07-18,0.63,Approved,,USGS-06893940
2007-07-19,0.66,Approved,,USGS-06893940
2007-07-20,0.79,Approved,,USGS-06893940
2007-07-21,0.56,Approved,,USGS-06893940
2007-07-22,0.53,Approved,,USGS-06893940
2007-07-23,0.55,Approved,,USGS-06893940
2007-07-24,0.49,Approved,,USGS-06893940
2007-07-25,0.49,Approved,,USGS-06893940
2007-07-26,0.39,Approved,,USGS-06893940
2007-07-27,0.28,Approved,,USGS-06893940
2007-07-28,0.21,Approved,,USGS-06893940
2007-07-29,0.27,Approved,,USGS-06893940
2007-07-30,0.46,Approved,,USGS-06893940
2007-07-31,0.62,Approved,,USGS-06893940
2007-08-01,0.28,Approved,,USGS-06893940
2007-08-02,5.57,Approved,,USGS-06893940
2007-08-03,1.59,Approved,,USGS-06893940
2007-08-04,0.57,Approved,,USGS-06893940
2007-08-05,0.31,Approved,,USGS-06893940
2007-08-06,0.29,Approved,,USGS-06893940
2007-08-07,0.24,Approved,,USGS-06893940
2007-08-08,0.31,Approved,,USGS-06893940
2007-08-09,19.6,Approved,,USGS-06893940
2007-08-10,1.17,Approved,,USGS-06893940
2007-08-11,0.64,Approved,,USGS-06893940
2007-08-12,0.5,Approved,,USGS-06893940
2007-08-13,0.44,Approved,,USGS-06893940
2007-08-14,0.45,Approved,,USGS-06893940
2007-08-15,0.34,Approved,,USGS-06893940
2007-08-16,0.22,Approved,,USGS-06893940
2007-08-17,0.2,Approved,,USGS-06893940
2007-08-18,0.19,Approved,,USGS-06893940
2007-08-19,0.95,Approved,,USGS-06893940
2007-08-20,0.64,Approved,,USGS-06893940
2007-08-21,0.26,Approved,,USGS-06893940
2007-08-22,0.15,Approved,,USGS-06893940
2007-08-23,0.22,Approved,,USGS-06893940
2007-08-24,0.17,Approved,,USGS-06893940
2007-08-25,0.15,Approved,,USGS-06893940
2007-08-26,0.12,Approved,,USGS-06893940
2007-08-27,0.09,Approved,,USGS-06893940
2007-08-28,0.06,Approved,,USGS-06893940
2007-08-29,0.05,Approved,,USGS-06893940
2007-08-30,0.09,Approved,,USGS-06893940
2007-08-31,0.05,Approved,,USGS-06893940
2007-09-01,0.04,Approved,,USGS-06893940
2007-09-02,0.03,Approved,,USGS-06893940
2007-09-03,0.03,Approved,,USGS-06893940
2007-09-04,0.03,Approved,,USGS-06893940
2007-09-05,0.05,Approved,,USGS-06893940
2007-09-06,0.09,Approved,,USGS-06893940
2007-09-07,6.49,Approved,,USGS-06893940
2007-09-08,0.46,Approved,,USGS-06893940
2007-09-09,0.25,Approved,,USGS-06893940
2007-09-10,0.17,Approved,,USGS-06893940
2007-09-11,0.24,Approved,,USGS-06893940
2007-09-12,0.13,Approved,,USGS-06893940
2007-09-13,0.06,Approved,,USGS-06893940
2007-09-14,0.09,Approved,,USGS-06893940
2007-09-15,0.07,Approved,,USGS-06893940
2007-09-16,0.06,Approved,,USGS-06893940
2007-09-17,0.11,Approved,,USGS-06893940
2007-09-18,1.83,Approved,,USGS-06893940
2007-09-19,4.26,Approved,,USGS-06893940
2007-09-20,4.66,Approved,,USGS-06893940
2007-09-21,1.29,Approved,,USGS-06893940
2007-09-22,3.25,Approved,,USGS-06893940
2007-09-23,0.78,Approved,,USGS-06893940
2007-09-24,0.77,Approved,,USGS-06893940
2007-09-25,22.9,Approved,,USGS-06893940
2007-09-26,1.9,Approved,,USGS-06893940
2007-09-27,0.66,Approved,,USGS-06893940
2007-09-28,0.48,Approved,,USGS-06893940
2007-09-29,0.43,Approved,,USGS-06893940
2007-09-30,4.75,Approved,,USGS-06893940
2007-10-01,1.71,Approved,,USGS-06893940
2007-10-02,3.61,Approved,,USGS-06893940
2007-10-03,1.1,Approved,,USGS-06893940
2007-10-04,0.4,Approved,,USGS-06893940
2007-10-05,0.28,Approved,,USGS-06893940
2007-10-06,0.26,Approved,,USGS-06893940
2007-10-07,1.64,Approved,,USGS-06893940
2007-10-08,9.36,Approved,,USGS-06893940
2007-10-09,1.22,Approved,,USGS-06893940
2007-10-10,0.57,Approved,,USGS-06893940
2007-10-11,0.41,Approved,,USGS-06893940
2007-10-12,0.39,Approved,,USGS-06893940
2007-10-13,44.6,Approved,,USGS-06893940
2007-10-14,5.88,Approved,,USGS-06893940
2007-10-15,6.88,Approved,,USGS-06893940
2007-10-16,1.52,Approved,,USGS-06893940
2007-10-17,44.6,Approved,,USGS-06893940
2007-10-18,11.5,Approved,,USGS-06893940
2007-10-19,2.33,Approved,,USGS-06893940
2007-10-20,1.3,Approved,,USGS-06893940
2007-10-21,0.96,Approved,,USGS-06893940
2007-10-22,7.26,Approved,,USGS-06893940
2007-10-23,1.91,Approved,,USGS-06893940
2007-10-24,1.13,Approved,,USGS-06893940
2007-10-25,0.97,Approved,,USGS-06893940
2007-10-26,0.89,Approved,,USGS-06893940
2007-10-27,0.73,Approved,,USGS-06893940
2007-10-28,0.65,Approved,,USGS-06893940
2007-10-29,0.71,Approved,,USGS-06893940
2007-10-30,0.69,Approved,,USGS-06893940
2007-10-31,0.64,Approved,,USGS-06893940
2007-11-01,0.6,Approved,,USGS-06893940
2007-11-02,0.55,Approved,,USGS-06893940
2007-11-03,0.57,Approved,,USGS-06893940
2007-11-04,0.52,Approved,,USGS-06893940
2007-11-05,0.53,Approved,,USGS-06893940
2007-11-06,0.51,Approved,,USGS-06893940
2007-11-07,0.55,Approved,,USGS-06893940
2007-11-08,0.61,Approved,,USGS-06893940
2007-11-09,0.54,Approved,,USGS-06893940
2007-11-10,0.47,Approved,,USGS-06893940
2007-11-11,0.43,Approved,,USGS-06893940
2007-11-12,0.37,Approved,,USGS-06893940
2007-11-13,0.36,Approved,,USGS-06893940
2007-11-14,0.32,Approved,,USGS-06893940
2007-11-15,0.28,Approved,,USGS-06893940
2007-11-16,0.28,Approved,,USGS-06893940
2007-11-17,0.29,Approved,,USGS-06893940
2007-11-18,0.27,Approved,,USGS-06893940
2007-11-19,0.3,Approved,,USGS-06893940
2007-11-20,0.33,Approved,,USGS-06893940
2007-11-21,3.25,Approved,,USGS-06893940
2007-11-22,0.81,Approved,,USGS-06893940
2007-11-23,0.45,Approved,,USGS-06893940
2007-11-24,0.41,Approved,,USGS-06893940
2007-11-25,0.39,Approved,,USGS-06893940
2007-11-26,0.32,Approved,,USGS-06893940
2007-11-27,0.3,Approved,,USGS-06893940
2007-11-28,0.25,Approved,,USGS-06893940
2007-11-29,0.25,Approved,,USGS-06893940
2007-11-30,0.23,Approved,,USGS-06893940
2007-12-01,2.8,Approved,,USGS-06893940
2007-12-02,1.0,Approved,,USGS-06893940
2007-12-03,0.48,Approved,,USGS-06893940
2007-12-04,0.38,Approved,,USGS-06893940
2007-12-05,0.29,Approved,,USGS-06893940
2007-12-06,0.35,Approved,,USGS-06893940
2007-12-07,1.07,Approved,,USGS-06893940
2007-12-08,0.74,Approved,,USGS-06893940
2007-12-09,0.44,Approved,,USGS-06893940
2007-12-10,0.42,Approved,,USGS-06893940
2007-12-11,22.4,Approved,,USGS-06893940
2007-12-12,4.97,Approved,,USGS-06893940
2007-12-13,2.27,Approved,,USGS-06893940
2007-12-14,1.95,Approved,,USGS-06893940
2007-12-15,1.64,Approved,,USGS-06893940
2007-12-16,1.54,Approved,,USGS-06893940
2007-12-17,1.43,Approved,,USGS-06893940
2007-12-18,1.46,Approved,,USGS-06893940
2007-12-19,1.33,Approved,,USGS-06893940
2007-12-20,1.21,Approved,,USGS-06893940
2007-12-21,1.12,Approved,,USGS-06893940
2007-12-22,2.17,Approved,,USGS-06893940
2007-12-23,1.61,Approved,,USGS-06893940
2007-12-24,1.67,Approved,,USGS-06893940
2007-12-25,2.1,Approved,,USGS-06893940
2007-12-26,1.82,Approved,,USGS-06893940
2007-12-27,1.62,Approved,,USGS-06893940
2007-12-28,1.5,Approved,,USGS-06893940
2007-12-29,1.34,Approved,,USGS-06893940
2007-12-30,1.31,Approved,,USGS-06893940
2007-12-31,1.24,Approved,,USGS-06893940
2008-01-01,1.03,Approved,,USGS-06893940
2008-01-02,0.83,Approved,,USGS-06893940
2008-01-03,0.93,Approved,,USGS-06893940
2008-01-04,1.14,Approved,,USGS-06893940
2008-01-05,2.59,Approved,,USGS-06893940
2008-01-06,2.21,Approved,,USGS-06893940
2008-01-07,1.74,Approved,,USGS-06893940
2008-01-08,8.66,Approved,,USGS-06893940
2008-01-09,2.47,Approved,,USGS-06893940
2008-01-10,16.4,Approved,,USGS-06893940
2008-01-11,5.09,Approved,,USGS-06893940
2008-01-12,3.29,Approved,,USGS-06893940
2008-01-13,2.65,Approved,,USGS-06893940
2008-01-14,2.19,Approved,,USGS-06893940
2008-01-15,2.01,Approved,,USGS-06893940
2008-01-16,4.06,Approved,,USGS-06893940
2008-01-17,3.42,Approved,,USGS-06893940
2008-01-18,2.07,Approved,,USGS-06893940
2008-01-19,1.65,Approved,,USGS-06893940
2008-01-20,1.53,Approved,,USGS-06893940
2008-01-21,1.58,Approved,,USGS-06893940
2008-01-22,1.56,Approved,,USGS-06893940
2008-01-23,1.47,Approved,,USGS-06893940
2008-01-24,1.29,Approved,,USGS-06893940
2008-01-25,1.3,Approved,,USGS-06893940
2008-01-26,1.55,Approved,,USGS-06893940
2008-01-27,1.58,Approved,,USGS-06893940
2008-01-28,1.85,Approved,,USGS-06893940
2008-01-29,1.74,Approved,,USGS-06893940
2008-01-30,1.27,Approved,,USGS-06893940
2008-01-31,1.21,Approved,,USGS-06893940
2008-02-01,1.11,Approved,,USGS-06893940
2008-02-02,1.06,Approved,,USGS-06893940
2008-02-03,2.85,Approved,,USGS-06893940
2008-02-04,1.8,Approved,,USGS-06893940
2008-02-05,29.8,Approved,,USGS-06893940
2008-02-06,8.72,Approved,,USGS-06893940
2008-02-07,5.07,Approved,,USGS-06893940
2008-02-08,4.55,Approved,,USGS-06893940
2008-02-09,3.88,Approved,,USGS-06893940
2008-02-10,2.97,Approved,,USGS-06893940
2008-02-11,2.6,Approved,,USGS-06893940
2008-02-12,2.43,Approved,,USGS-06893940
2008-02-13,2.46,Approved,,USGS-06893940
2008-02-14,2.59,Approved,,USGS-06893940
2008-02-15,1.91,Approved,,USGS-06893940
2008-02-16,5.12,Approved,,USGS-06893940
2008-02-17,39.5,Approved,,USGS-06893940
2008-02-18,8.89,Approved,,USGS-06893940
2008-02-19,5.49,Approved,,USGS-06893940
2008-02-20,4.28,Approved,,USGS-06893940
2008-02-21,3.73,Approved,,USGS-06893940
2008-02-22,3.92,Approved,,USGS-06893940
2008-02-23,3.74,Approved,,USGS-06893940
2008-02-24,3.51,Approved,,USGS-06893940
2008-02-25,3.35,Approved,,USGS-06893940
2008-02-26,2.91,Approved,,USGS-06893940
2008-02-27,2.52,Approved,,USGS-06893940
2008-02-28,2.44,Approved,,USGS-06893940
2008-02-29,2.37,Approved,,USGS-06893940
2008-03-01,2.35,Approved,,USGS-06893940
2008-03-02,4.25,Approved,,USGS-06893940
2008-03-03,22.9,Approved,,USGS-06893940
2008-03-04,5.77,Approved,,USGS-06893940
2008-03-05,4.67,Approved,,USGS-06893940
2008-03-06,3.69,Approved,,USGS-06893940
2008-03-07,3.4,Approved,,USGS-06893940
2008-03-08,3.05,Approved,,USGS-06893940
2008-03-09,3.03,Approved,,USGS-06893940
2008-03-10,2.56,Approved,,USGS-06893940
2008-03-11,2.45,Approved,,USGS-06893940
2008-03-12,2.39,Approved,,USGS-06893940
2008-03-13,2.25,Approved,,USGS-06893940
2008-03-14,2.1,Approved,,USGS-06893940
2008-03-15,5.91,Approved,,USGS-06893940
2008-03-16,2.63,Approved,,USGS-06893940
2008-03-17,46.7,Approved,,USGS-06893940
2008-03-18,13.9,Approved,,USGS-06893940
2008-03-19,7.66,Approved,,USGS-06893940
2008-03-20,5.7,Approved,,USGS-06893940
2008-03-21,4.74,Approved,,USGS-06893940
2008-03-22,3.85,Approved,,USGS-06893940
2008-03-23,3.41,Approved,,USGS-06893940
2008-03-24,3.0,Approved,,USGS-06893940
2008-03-25,2.99,Approved,,USGS-06893940
2008-03-26,2.62,Approved,,USGS-06893940
2008-03-27,2.74,Approved,,USGS-06893940
2008-03-28,2.26,Approved,,USGS-06893940
2008-03-29,2.14,Approved,,USGS-06893940
2008-03-30,1.99,Approved,,USGS-06893940
2008-03-31,2.28,Approved,,USGS-06893940
2008-04-01,1.67,Approved,,USGS-06893940
2008-04-02,1.41,Approved,,USGS-06893940
2008-04-03,2.54,Approved,,USGS-06893940
2008-04-04,2.16,Approved,,USGS-06893940
2008-04-05,1.7,Approved,,USGS-06893940
2008-04-06,1.58,Approved,,USGS-06893940
2008-04-07,1.54,Approved,,USGS-06893940
2008-04-08,40.5,Approved,,USGS-06893940
2008-04-09,9.8,Approved,,USGS-06893940
2008-04-10,27.4,Approved,,USGS-06893940
2008-04-11,11.3,Approved,,USGS-06893940
2008-04-12,7.02,Approved,,USGS-06893940
2008-04-13,5.6,Approved,,USGS-06893940
2008-04-14,4.8,Approved,,USGS-06893940
2008-04-15,4.21,Approved,,USGS-06893940
2008-04-16,3.8,Approved,,USGS-06893940
2008-04-17,7.51,Approved,,USGS-06893940
2008-04-18,8.07,Approved,,USGS-06893940
2008-04-19,4.29,Approved,,USGS-06893940
2008-04-20,3.56,Approved,,USGS-06893940
2008-04-21,3.2,Approved,,USGS-06893940
2008-04-22,85.0,Approved,['ESTIMATED'],USGS-06893940
2008-04-23,33.3,Approved,,USGS-06893940
2008-04-24,33.9,Approved,,USGS-06893940
2008-04-25,10.5,Approved,,USGS-06893940
2008-04-26,7.42,Approved,,USGS-06893940
2008-04-27,6.61,Approved,,USGS-06893940
2008-04-28,5.54,Approved,,USGS-06893940
2008-04-29,4.7,Approved,,USGS-06893940
2008-04-30,4.4,Approved,,USGS-06893940
2008-05-01,8.71,Approved,,USGS-06893940
2008-05-02,47.0,Approved,,USGS-06893940
2008-05-03,8.99,Approved,,USGS-06893940
2008-05-04,6.58,Approved,,USGS-06893940
2008-05-05,5.55,Approved,,USGS-06893940
2008-05-06,5.02,Approved,,USGS-06893940
2008-05-07,4.44,Approved,,USGS-06893940
2008-05-08,4.06,Approved,,USGS-06893940
2008-05-09,13.2,Approved,,USGS-06893940
2008-05-10,5.99,Approved,,USGS-06893940
2008-05-11,6.67,Approved,,USGS-06893940
2008-05-12,4.15,Approved,,USGS-06893940
2008-05-13,3.39,Approved,,USGS-06893940
2008-05-14,2.73,Approved,,USGS-06893940
2008-05-15,2.41,Approved,,USGS-06893940
2008-05-16,2.32,Approved,,USGS-06893940
2008-05-17,2.11,Approved,,USGS-06893940
2008-05-18,1.88,Approved,,USGS-06893940
2008-05-19,1.63,Approved,,USGS-06893940
2008-05-20,1.49,Approved,,USGS-06893940
2008-05-21,1.49,Approved,,USGS-06893940
2008-05-22,5.89,Approved,,USGS-06893940
2008-05-23,1.85,Approved,,USGS-06893940
2008-05-24,18.3,Approved,,USGS-06893940
2008-05-25,3.1,Approved,,USGS-06893940
2008-05-26,18.9,Approved,,USGS-06893940
2008-05-27,3.85,Approved,,USGS-06893940
2008-05-28,2.64,Approved,,USGS-06893940
2008-05-29,2.37,Approved,,USGS-06893940
2008-05-30,2.3,Approved,,USGS-06893940
2008-05-31,1.86,Approved,,USGS-06893940
2008-06-01,1.68,Approved,,USGS-06893940
2008-06-02,2.9,Approved,,USGS-06893940
2008-06-03,14.3,Approved,,USGS-06893940
2008-06-04,7.81,Approved,,USGS-06893940
2008-06-05,3.01,Approved,,USGS-06893940
2008-06-06,27.9,Approved,,USGS-06893940
2008-06-07,4.36,Approved,,USGS-06893940
2008-06-08,21.2,Approved,,USGS-06893940
2008-06-09,40.8,Approved,,USGS-06893940
2008-06-10,8.78,Approved,,USGS-06893940
2008-06-11,5.56,Approved,,USGS-06893940
2008-06-12,10.4,Approved,,USGS-06893940
2008-06-13,18.4,Approved,,USGS-06893940
2008-06-14,5.01,Approved,,USGS-06893940
2008-06-15,10.3,Approved,,USGS-06893940
2008-06-16,9.73,Approved,,USGS-06893940
2008-06-17,4.01,Approved,,USGS-06893940
2008-06-18,3.18,Approved,,USGS-06893940
2008-06-19,2.95,Approved,,USGS-06893940
2008-06-20,2.72,Approved,,USGS-06893940
2008-06-21,2.13,Approved,,USGS-06893940
2008-06-22,1.92,Approved,,USGS-06893940
2008-06-23,1.6,Approved,,USGS-06893940
2008-06-24,3.61,Approved,,USGS-06893940
2008-06-25,1.58,Approved,,USGS-06893940
2008-06-26,1.31,Approved,,USGS-06893940
2008-06-27,5.93,Approved,,USGS-06893940
2008-06-28,14.0,Approved,,USGS-06893940
2008-06-29,2.07,Approved,,USGS-06893940
2008-06-30,1.44,Approved,,USGS-06893940
2008-07-01,1.21,Approved,,USGS-06893940
2008-07-02,44.0,Approved,,USGS-06893940
2008-07-03,54.1,Approved,,USGS-06893940
2008-07-04,6.83,Approved,,USGS-06893940
2008-07-05,4.53,Approved,,USGS-06893940
2008-07-06,3.49,Approved,,USGS-06893940
2008-07-07,2.67,Approved,,USGS-06893940
2008-07-08,31.0,Approved,,USGS-06893940
2008-07-09,6.73,Approved,,USGS-06893940
2008-07-10,3.69,Approved,,USGS-06893940
2008-07-11,2.85,Approved,,USGS-06893940
2008-07-12,5.31,Approved,,USGS-06893940
2008-07-13,2.64,Approved,,USGS-06893940
2008-07-14,1.77,Approved,,USGS-06893940
2008-07-15,1.47,Approved,,USGS-06893940
2008-07-16,1.41,Approved,,USGS-06893940
2008-07-17,1.07,Approved,,USGS-06893940
2008-07-18,1.1,Approved,,USGS-06893940
2008-07-19,1.13,Approved,,USGS-06893940
2008-07-20,1.12,Approved,,USGS-06893940
2008-07-21,1.04,Approved,,USGS-06893940
2008-07-22,1.18,Approved,,USGS-06893940
2008-07-23,1.96,Approved,,USGS-06893940
2008-07-24,0.83,Approved,,USGS-06893940
2008-07-25,9.26,Approved,,USGS-06893940
2008-07-26,7.79,Approved,,USGS-06893940
2008-07-27,4.74,Approved,,USGS-06893940
2008-07-28,2.73,Approved,,USGS-06893940
2008-07-29,20.0,Approved,,USGS-06893940
2008-07-30,250.0,Approved,['ESTIMATED'],USGS-06893940
2008-07-31,12.7,Approved,,USGS-06893940
2008-08-01,6.69,Approved,,USGS-06893940
2008-08-02,4.81,Approved,,USGS-06893940
2008-08-03,3.59,Approved,,USGS-06893940
2008-08-04,2.62,Approved,,USGS-06893940
2008-08-05,2.06,Approved,,USGS-06893940
2008-08-06,1.67,Approved,,USGS-06893940
2008-08-07,1.53,Approved,,USGS-06893940
2008-08-08,1.39,Approved,,USGS-06893940
2008-08-09,1.33,Approved,,USGS-06893940
2008-08-10,1.23,Approved,,USGS-06893940
2008-08-11,1.03,Approved,,USGS-06893940
2008-08-12,0.94,Approved,,USGS-06893940
2008-08-13,0.76,Approved,,USGS-06893940
2008-08-14,3.42,Approved,,USGS-06893940
2008-08-15,1.5,Approved,,USGS-06893940
2008-08-16,0.81,Approved,,USGS-06893940
2008-08-17,0.76,Approved,,USGS-06893940
2008-08-18,0.63,Approved,,USGS-06893940
2008-08-19,0.48,Approved,,USGS-06893940
2008-08-20,0.42,Approved,,USGS-06893940
2008-08-21,0.85,Approved,,USGS-06893940
2008-08-22,0.51,Approved,,USGS-06893940
2008-08-23,0.42,Approved,,USGS-06893940
2008-08-24,0.43,Approved,,USGS-06893940
2008-08-25,0.32,Approved,,USGS-06893940
2008-08-26,0.3,Approved,,USGS-06893940
2008-08-27,0.31,Approved,,USGS-06893940
2008-08-28,13.3,Approved,,USGS-06893940
2008-08-29,3.56,Approved,,USGS-06893940
2008-08-30,1.07,Approved,,USGS-06893940
2008-08-31,0.73,Approved,,USGS-06893940
2008-09-01,0.68,Approved,,USGS-06893940
2008-09-02,1.02,Approved,,USGS-06893940
2008-09-03,3.3,Approved,,USGS-06893940
2008-09-04,15.0,Approved,,USGS-06893940
2008-09-05,2.0,Approved,,USGS-06893940
2008-09-06,1.24,Approved,,USGS-06893940
2008-09-07,1.01,Approved,,USGS-06893940
2008-09-08,23.2,Approved,,USGS-06893940
2008-09-09,3.0,Approved,,USGS-06893940
2008-09-10,2.09,Approved,,USGS-06893940
2008-09-11,4.29,Approved,,USGS-06893940
2008-09-12,135.0,Approved,['ESTIMATED'],USGS-06893940
2008-09-13,60.8,Approved,,USGS-06893940
2008-09-14,36.6,Approved,,USGS-06893940
2008-09-15,10.1,Approved,,USGS-06893940
2008-09-16,6.66,Approved,,USGS-06893940
2008-09-17,5.07,Approved,,USGS-06893940
2008-09-18,3.99,Approved,,USGS-06893940
2008-09-19,3.33,Approved,,USGS-06893940
2008-09-20,3.01,Approved,,USGS-06893940
2008-09-21,2.67,Approved,,USGS-06893940
2008-09-22,2.35,Approved,,USGS-06893940
2008-09-23,2.06,Approved,,USGS-06893940
2008-09-24,3.08,Approved,,USGS-06893940
2008-09-25,1.97,Approved,,USGS-06893940
2008-09-26,1.83,Approved,,USGS-06893940
2008-09-27,1.6,Approved,,USGS-06893940
2008-09-28,1.4,Approved,,USGS-06893940
2008-09-29,1.35,Approved,,USGS-06893940
2008-09-30,1.24,Approved,,USGS-06893940
2008-10-01,0.87,Approved,,USGS-06893940
2025-01-03,1.59,Approved,,USGS-06893940
2025-01-04,1.71,Approved,['ESTIMATED'],USGS-06893940
2025-01-05,1.57,Approved,['ESTIMATED'],USGS-06893940
2025-01-06,1.28,Approved,['ESTIMATED'],USGS-06893940
2025-01-07,1.22,Approved,['ESTIMATED'],USGS-06893940
2025-01-08,1.0,Approved,['ESTIMATED'],USGS-06893940
2025-01-09,0.79,Approved,['ESTIMATED'],USGS-06893940
2025-01-10,0.97,Approved,['ESTIMATED'],USGS-06893940
2025-01-11,1.08,Approved,['ESTIMATED'],USGS-06893940
2025-01-12,0.83,Approved,['ESTIMATED'],USGS-06893940
2025-01-13,0.71,Approved,['ESTIMATED'],USGS-06893940
2025-01-14,0.71,Approved,['ESTIMATED'],USGS-06893940
2025-01-15,0.75,Approved,['ESTIMATED'],USGS-06893940
2025-01-16,2.4,Approved,['ESTIMATED'],USGS-06893940
2025-01-17,4.58,Approved,,USGS-06893940
2025-01-18,2.79,Approved,,USGS-06893940
2025-01-19,1.23,Approved,,USGS-06893940
2025-01-20,0.59,Approved,['ESTIMATED'],USGS-06893940
2025-01-21,0.51,Approved,['ESTIMATED'],USGS-06893940
2025-01-22,0.53,Approved,['ESTIMATED'],USGS-06893940
2025-01-23,0.56,Approved,['ESTIMATED'],USGS-06893940
2025-01-24,0.55,Approved,['ESTIMATED'],USGS-06893940
2025-01-25,0.56,Approved,['ESTIMATED'],USGS-06893940
2025-01-26,0.53,Approved,['ESTIMATED'],USGS-06893940
2025-01-27,0.5,Approved,['ESTIMATED'],USGS-06893940
2025-01-28,0.6,Approved,['ESTIMATED'],USGS-06893940
2025-01-29,0.7,Approved,['ESTIMATED'],USGS-06893940
2025-01-30,9.93,Approved,['ESTIMATED'],USGS-06893940
2025-01-31,18.6,Approved,,USGS-06893940
2025-02-01,4.48,Approved,,USGS-06893940
2025-02-02,3.32,Approved,,USGS-06893940
2025-02-03,2.7,Approved,,USGS-06893940
2025-02-04,2.26,Approved,,USGS-06893940
2025-02-05,2.21,Approved,,USGS-06893940
2025-02-06,2.28,Approved,,USGS-06893940
2025-02-07,2.06,Approved,,USGS-06893940
2025-02-08,1.65,Approved,,USGS-06893940
2025-02-09,1.44,Approved,,USGS-06893940
2025-02-10,1.32,Approved,,USGS-06893940
2025-02-11,1.3,Approved,,USGS-06893940
2025-02-12,0.85,Approved,['ESTIMATED'],USGS-06893940
2025-02-13,0.67,Approved,['ESTIMATED'],USGS-06893940
2025-02-14,0.77,Approved,['ESTIMATED'],USGS-06893940
2025-02-15,0.99,Approved,['ESTIMATED'],USGS-06893940
2025-02-16,0.69,Approved,['ESTIMATED'],USGS-06893940
2025-02-17,0.59,Approved,['ESTIMATED'],USGS-06893940
2025-02-18,0.54,Approved,['ESTIMATED'],USGS-06893940
2025-02-19,0.52,Approved,['ESTIMATED'],USGS-06893940
2025-02-20,0.6,Approved,['ESTIMATED'],USGS-06893940
2025-02-21,0.58,Approved,['ESTIMATED'],USGS-06893940
2025-02-22,0.67,Approved,['ESTIMATED'],USGS-06893940
2025-02-23,2.23,Approved,['ESTIMATED'],USGS-06893940
2025-02-24,2.58,Approved,,USGS-06893940
2025-02-25,2.21,Approved,,USGS-06893940
2025-02-26,1.96,Approved,,USGS-06893940
2025-02-27,1.66,Approved,,USGS-06893940
2025-02-28,1.44,Approved,['ESTIMATED'],USGS-06893940
2025-03-01,1.77,Approved,['ESTIMATED'],USGS-06893940
2025-03-02,1.87,Approved,,USGS-06893940
2025-03-03,2.72,Approved,,USGS-06893940
2025-03-04,21.0,Approved,,USGS-06893940
2025-03-05,11.8,Approved,,USGS-06893940
2025-03-06,4.36,Approved,,USGS-06893940
2025-03-07,2.76,Approved,['ESTIMATED'],USGS-06893940
2025-03-08,1.67,Approved,['ESTIMATED'],USGS-06893940
2025-03-09,1.34,Approved,['ESTIMATED'],USGS-06893940
2025-03-10,1.28,Approved,['ESTIMATED'],USGS-06893940
2025-03-11,1.22,Approved,['ESTIMATED'],USGS-06893940
2025-03-12,1.18,Approved,['ESTIMATED'],USGS-06893940
2025-03-13,1.18,Approved,['ESTIMATED'],USGS-06893940
2025-03-14,2.87,Approved,['ESTIMATED'],USGS-06893940
2025-03-15,1.85,Approved,,USGS-06893940
2025-03-16,1.69,Approved,,USGS-06893940
2025-03-17,0.92,Approved,,USGS-06893940
2025-03-18,0.92,Approved,,USGS-06893940
2025-03-19,1.21,Approved,,USGS-06893940
2025-03-20,1.71,Approved,,USGS-06893940
2025-03-21,1.72,Approved,,USGS-06893940
2025-03-22,1.91,Approved,,USGS-06893940
2025-03-23,2.45,Approved,,USGS-06893940
2025-03-24,0.93,Approved,,USGS-06893940
2025-03-25,0.63,Approved,,USGS-06893940
2025-03-26,0.58,Approved,,USGS-06893940
2025-03-27,0.58,Approved,,USGS-06893940
2025-03-28,0.66,Approved,,USGS-06893940
2025-03-29,0.77,Approved,,USGS-06893940
2025-03-30,8.04,Approved,,USGS-06893940
2025-03-31,1.52,Approved,,USGS-06893940
2025-04-01,1.1,Approved,,USGS-06893940
2025-04-02,19.9,Approved,,USGS-06893940
2025-04-03,3.39,Approved,,USGS-06893940
2025-04-04,5.47,Approved,,USGS-06893940
2025-04-05,3.48,Approved,,USGS-06893940
2025-04-06,2.31,Approved,,USGS-06893940
2025-04-07,2.19,Approved,,USGS-06893940
2025-04-08,2.14,Approved,,USGS-06893940
2025-04-09,2.03,Approved,['ESTIMATED'],USGS-06893940
2025-04-10,2.02,Approved,['ESTIMATED'],USGS-06893940
2025-04-11,2.01,Approved,['ESTIMATED'],USGS-06893940
2025-04-12,1.99,Approved,['ESTIMATED'],USGS-06893940
2025-04-13,2.0,Approved,['ESTIMATED'],USGS-06893940
2025-04-14,2.02,Approved,['ESTIMATED'],USGS-06893940
2025-04-15,1.99,Approved,['ESTIMATED'],USGS-06893940
2025-04-16,2.0,Approved,['ESTIMATED'],USGS-06893940
2025-04-17,9.84,Approved,"['EQUIP', 'ESTIMATED']",USGS-06893940
2025-04-18,2.16,Approved,"['EQUIP', 'ESTIMATED']",USGS-06893940
2025-04-19,1.87,Approved,,USGS-06893940
2025-04-20,38.9,Approved,,USGS-06893940
2025-04-21,7.17,Approved,,USGS-06893940
2025-04-22,3.35,Approved,,USGS-06893940
2025-04-23,3.48,Approved,,USGS-06893940
2025-04-24,4.58,Approved,,USGS-06893940
2025-04-25,1.99,Approved,,USGS-06893940
2025-04-26,1.62,Approved,,USGS-06893940
2025-04-27,3.15,Approved,,USGS-06893940
2025-04-28,1.82,Approved,,USGS-06893940
2025-04-29,16.1,Approved,,USGS-06893940
2025-04-30,3.48,Approved,,USGS-06893940
2025-05-01,2.81,Approved,,USGS-06893940
2025-05-02,2.23,Approved,,USGS-06893940
2025-05-03,2.01,Approved,,USGS-06893940
2025-05-04,1.52,Approved,,USGS-06893940
2025-05-05,1.36,Approved,,USGS-06893940
2025-05-06,1.2,Approved,,USGS-06893940
2025-05-07,1.65,Approved,,USGS-06893940
2025-05-08,1.5,Approved,,USGS-06893940
2025-05-09,1.0,Approved,,USGS-06893940
2025-05-10,0.83,Approved,,USGS-06893940
2025-05-11,0.73,Approved,,USGS-06893940
2025-05-12,0.62,Approved,,USGS-06893940
2025-05-13,0.64,Approved,,USGS-06893940
2025-05-14,0.51,Approved,,USGS-06893940
2025-05-15,0.48,Approved,,USGS-06893940
2025-05-16,0.5,Approved,,USGS-06893940
2025-05-17,0.6,Approved,,USGS-06893940
2025-05-18,0.7,Approved,,USGS-06893940
2025-05-19,5.28,Approved,,USGS-06893940
2025-05-20,9.06,Approved,,USGS-06893940
2025-05-21,1.42,Approved,,USGS-06893940
2025-05-22,0.66,Approved,,USGS-06893940
2025-05-23,0.45,Approved,,USGS-06893940
2025-05-24,0.37,Approved,,USGS-06893940
2025-05-25,4.62,Approved,,USGS-06893940
2025-05-26,2.1,Approved,,USGS-06893940
2025-05-27,2.04,Approved,,USGS-06893940
2025-05-28,0.86,Approved,,USGS-06893940
2025-05-29,4.16,Approved,,USGS-06893940
2025-05-30,1.6,Approved,,USGS-06893940
2025-05-31,0.72,Approved,,USGS-06893940
2025-06-01,0.51,Approved,,USGS-06893940
2025-06-02,0.36,Approved,,USGS-06893940
2025-06-03,34.2,Approved,,USGS-06893940
2025-06-04,7.87,Approved,,USGS-06893940
2025-06-05,1.64,Approved,,USGS-06893940
2025-06-06,0.92,Approved,,USGS-06893940
2025-06-07,5.83,Approved,,USGS-06893940
2025-06-08,1.19,Approved,,USGS-06893940
2025-06-09,0.66,Approved,,USGS-06893940
2025-06-10,0.49,Approved,,USGS-06893940
2025-06-11,0.44,Approved,,USGS-06893940
2025-06-12,0.35,Approved,,USGS-06893940
2025-06-13,0.3,Approved,,USGS-06893940
2025-06-14,0.17,Approved,,USGS-06893940
2025-06-15,0.11,Approved,,USGS-06893940
2025-06-16,0.09,Approved,,USGS-06893940
2025-06-17,0.06,Approved,,USGS-06893940
2025-06-18,0.26,Approved,,USGS-06893940
2025-06-19,0.33,Approved,,USGS-06893940
2025-06-20,0.25,Approved,,USGS-06893940
2025-06-21,0.22,Approved,,USGS-06893940
2025-06-22,0.27,Approved,,USGS-06893940
2025-06-23,0.14,Approved,,USGS-06893940
2025-06-24,0.11,Approved,,USGS-06893940
2025-06-25,0.1,Approved,,USGS-06893940
2025-06-26,1.44,Approved,,USGS-06893940
2025-06-27,1.33,Approved,,USGS-06893940
2025-06-28,0.33,Approved,,USGS-06893940
2025-06-29,8.17,Approved,,USGS-06893940
2025-06-30,5.9,Approved,,USGS-06893940
2025-07-01,1.55,Approved,,USGS-06893940
2025-07-02,0.74,Approved,,USGS-06893940
2025-07-03,0.4,Approved,,USGS-06893940
2025-07-04,0.42,Approved,,USGS-06893940
2025-07-05,0.5,Approved,,USGS-06893940
2025-07-06,0.25,Approved,,USGS-06893940
2025-07-07,0.32,Approved,,USGS-06893940
2025-07-08,0.67,Approved,,USGS-06893940
2025-07-09,0.33,Approved,,USGS-06893940
2025-07-10,0.2,Approved,,USGS-06893940
2025-07-11,6.33,Approved,,USGS-06893940
2025-07-12,1.67,Approved,,USGS-06893940
2025-07-13,0.3,Approved,,USGS-06893940
2025-07-14,0.2,Approved,,USGS-06893940
2025-07-15,0.18,Approved,,USGS-06893940
2025-07-16,2.55,Approved,,USGS-06893940
2025-07-17,148.0,Approved,['ESTIMATED'],USGS-06893940
2025-07-18,3.93,Approved,,USGS-06893940
2025-07-19,1.28,Approved,,USGS-06893940
2025-07-20,2.03,Approved,,USGS-06893940
2025-07-21,5.01,Approved,,USGS-06893940
2025-07-22,1.41,Approved,,USGS-06893940
2025-07-23,0.54,Approved,,USGS-06893940
2025-07-24,4.73,Approved,,USGS-06893940
2025-07-25,112.0,Approved,,USGS-06893940
2025-07-26,10.2,Approved,,USGS-06893940
2025-07-27,4.75,Approved,,USGS-06893940
2025-07-28,2.75,Approved,,USGS-06893940
2025-07-29,1.9,Approved,,USGS-06893940
2025-07-30,1.53,Approved,,USGS-06893940
2025-07-31,1.86,Approved,,USGS-06893940
2025-08-01,1.26,Approved,,USGS-06893940
2025-08-02,1.08,Approved,,USGS-06893940
2025-08-03,1.1,Approved,,USGS-06893940
2025-08-04,1.02,Approved,,USGS-06893940
2025-08-05,0.91,Approved,,USGS-06893940
2025-08-06,0.93,Approved,,USGS-06893940
2025-08-07,0.94,Approved,,USGS-06893940
2025-08-08,0.65,Approved,,USGS-06893940
2025-08-09,0.45,Approved,,USGS-06893940
2025-08-10,2.62,Approved,,USGS-06893940
2025-08-11,17.2,Approved,,USGS-06893940
2025-08-12,2.49,Approved,,USGS-06893940
2025-08-13,1.97,Approved,,USGS-06893940
2025-08-14,1.83,Approved,,USGS-06893940
2025-08-15,1.44,Approved,,USGS-06893940
2025-08-16,1.05,Approved,,USGS-06893940
2025-08-17,0.81,Approved,,USGS-06893940
2025-08-18,0.68,Approved,,USGS-06893940
2025-08-19,4.33,Approved,,USGS-06893940
2025-08-20,2.37,Approved,,USGS-06893940
2025-08-21,1.47,Approved,,USGS-06893940
2025-08-22,1.39,Approved,,USGS-06893940
2025-08-23,1.01,Approved,,USGS-06893940
2025-08-24,0.73,Approved,,USGS-06893940
2025-08-25,0.62,Approved,,USGS-06893940
2025-08-26,0.54,Approved,,USGS-06893940
2025-08-27,0.69,Approved,,USGS-06893940
2025-08-28,0.61,Approved,,USGS-06893940
2025-08-29,0.61,Approved,,USGS-06893940
2025-08-30,0.61,Approved,,USGS-06893940
2025-08-31,0.37,Approved,,USGS-06893940
2025-09-01,0.72,Approved,,USGS-06893940
2025-09-02,1.2,Approved,,USGS-06893940
2025-09-03,0.5,Approved,,USGS-06893940
2025-09-04,0.37,Approved,,USGS-06893940
2025-09-05,0.51,Approved,,USGS-06893940
2025-09-06,0.53,Approved,,USGS-06893940
2025-09-07,0.24,Approved,,USGS-06893940
2025-09-08,0.17,Approved,,USGS-06893940
2025-09-09,0.43,Approved,,USGS-06893940
2025-09-10,1.13,Approved,,USGS-06893940
2025-09-11,0.41,Approved,,USGS-06893940
2025-09-12,0.14,Approved,,USGS-06893940
2025-09-13,0.08,Approved,,USGS-06893940
2025-09-14,0.08,Approved,,USGS-06893940
2025-09-15,0.05,Approved,,USGS-06893940
2025-09-16,7.78,Approved,,USGS-06893940
2025-09-17,4.08,Approved,,USGS-06893940
2025-09-18,18.8,Approved,,USGS-06893940
2025-09-19,3.87,Approved,,USGS-06893940
2025-09-20,1.13,Approved,,USGS-06893940
2025-09-21,2.03,Approved,,USGS-06893940
2025-09-22,1.48,Approved,,USGS-06893940
2025-09-23,15.4,Approved,,USGS-06893940
2025-09-24,2.76,Approved,,USGS-06893940
2025-09-25,0.86,Approved,,USGS-06893940
2025-09-26,0.45,Approved,,USGS-06893940
2025-09-27,0.26,Approved,['ESTIMATED'],USGS-06893940
2025-09-28,0.14,Approved,['ESTIMATED'],USGS-06893940
2025-09-29,0.09,Approved,['ESTIMATED'],USGS-06893940
2025-09-30,0.08,Approved,['ESTIMATED'],USGS-06893940
2025-10-01,0.07,Approved,['ESTIMATED'],USGS-06893940
2025-10-02,0.06,Approved,['ESTIMATED'],USGS-06893940
2025-10-03,0.06,Approved,['ESTIMATED'],USGS-06893940
2025-10-04,0.05,Approved,['ESTIMATED'],USGS-06893940
2025-10-05,0.05,Approved,['ESTIMATED'],USGS-06893940
2025-10-06,0.05,Approved,['ESTIMATED'],USGS-06893940
2025-10-07,0.05,Approved,['ESTIMATED'],USGS-06893940
2025-10-08,0.06,Approved,['ESTIMATED'],USGS-06893940
2025-10-09,0.09,Approved,['ESTIMATED'],USGS-06893940
2025-10-10,0.11,Approved,['ESTIMATED'],USGS-06893940
2025-10-11,0.09,Approved,['ESTIMATED'],USGS-06893940
2025-10-12,0.07,Approved,['ESTIMATED'],USGS-06893940
2025-10-13,0.06,Approved,['ESTIMATED'],USGS-06893940
2025-10-14,0.05,Approved,['ESTIMATED'],USGS-06893940
2025-10-15,0.05,Approved,['ESTIMATED'],USGS-06893940
2025-10-16,0.06,Approved,['ESTIMATED'],USGS-06893940
2025-10-17,0.11,Approved,['ESTIMATED'],USGS-06893940
2025-10-18,3.24,Approved,['ESTIMATED'],USGS-06893940
2025-10-19,2.75,Approved,['ESTIMATED'],USGS-06893940
2025-10-20,0.6,Approved,['ESTIMATED'],USGS-06893940
2025-10-21,0.27,Approved,['ESTIMATED'],USGS-06893940
2025-10-22,0.15,Approved,['ESTIMATED'],USGS-06893940
2025-10-23,0.1,Approved,['ESTIMATED'],USGS-06893940
2025-10-24,0.07,Approved,['ESTIMATED'],USGS-06893940
2025-10-25,0.06,Approved,['ESTIMATED'],USGS-06893940
2025-10-26,0.06,Approved,['ESTIMATED'],USGS-06893940
2025-10-27,0.08,Approved,['ESTIMATED'],USGS-06893940
2025-10-28,4.18,Approved,['ESTIMATED'],USGS-06893940
2025-10-29,8.57,Approved,,USGS-06893940
2025-10-30,0.62,Approved,,USGS-06893940
2025-10-31,0.28,Approved,,USGS-06893940
2025-11-01,0.12,Approved,,USGS-06893940
2025-11-02,0.05,Approved,,USGS-06893940
2025-11-03,0.04,Approved,,USGS-06893940
2025-11-04,0.05,Approved,,USGS-06893940
2025-11-05,0.05,Approved,,USGS-06893940
2025-11-06,0.05,Approved,['ESTIMATED'],USGS-06893940
2025-11-07,0.05,Approved,['ESTIMATED'],USGS-06893940
2025-11-08,0.05,Approved,['ESTIMATED'],USGS-06893940
2025-11-09,0.05,Approved,['ESTIMATED'],USGS-06893940
2025-11-10,0.05,Approved,['ESTIMATED'],USGS-06893940
2025-11-11,0.05,Approved,['ESTIMATED'],USGS-06893940
2025-11-12,0.05,Approved,['ESTIMATED'],USGS-06893940
2025-11-13,0.05,Approved,['ESTIMATED'],USGS-06893940
2025-11-14,0.05,Approved,['ESTIMATED'],USGS-06893940
2025-11-15,0.05,Approved,['ESTIMATED'],USGS-06893940
2025-11-16,0.05,Approved,['ESTIMATED'],USGS-06893940
2025-11-17,0.06,Approved,['ESTIMATED'],USGS-06893940
2025-11-18,0.06,Approved,['ESTIMATED'],USGS-06893940
2025-11-19,0.06,Approved,['ESTIMATED'],USGS-06893940
2025-11-20,0.21,Approved,['ESTIMATED'],USGS-06893940
2025-11-21,30.9,Approved,,USGS-06893940
2025-11-22,2.8,Approved,,USGS-06893940
2025-11-23,0.63,Approved,['ESTIMATED'],USGS-06893940
2025-11-24,4.57,Approved,['ESTIMATED'],USGS-06893940
2025-11-25,2.5,Approved,['ESTIMATED'],USGS-06893940
2025-11-26,0.69,Approved,['ESTIMATED'],USGS-06893940
2025-11-27,0.59,Approved,['ESTIMATED'],USGS-06893940
2025-11-28,0.68,Approved,['ESTIMATED'],USGS-06893940
2025-11-29,15.4,Approved,,USGS-06893940
2025-11-30,2.4,Approved,,USGS-06893940
2025-12-01,1.41,Approved,,USGS-06893940
2025-12-02,2.16,Approved,,USGS-06893940
2025-12-03,1.4,Approved,['ESTIMATED'],USGS-06893940
2025-12-04,0.86,Approved,['ESTIMATED'],USGS-06893940
2025-12-05,0.61,Approved,['ESTIMATED'],USGS-06893940
2025-12-06,0.56,Approved,['ESTIMATED'],USGS-06893940
2025-12-07,0.42,Approved,['ESTIMATED'],USGS-06893940
2025-12-08,0.36,Approved,['ESTIMATED'],USGS-06893940
2025-12-09,0.35,Approved,['ESTIMATED'],USGS-06893940
2025-12-10,0.38,Approved,['ESTIMATED'],USGS-06893940
2025-12-11,0.51,Approved,['ESTIMATED'],USGS-06893940
2025-12-12,0.51,Approved,['ESTIMATED'],USGS-06893940
2025-12-13,0.43,Approved,['ESTIMATED'],USGS-06893940
2025-12-14,0.38,Approved,['ESTIMATED'],USGS-06893940
2025-12-15,0.36,Approved,['ESTIMATED'],USGS-06893940
2025-12-16,0.38,Approved,['ESTIMATED'],USGS-06893940
2025-12-17,0.44,Approved,['ESTIMATED'],USGS-06893940
2025-12-18,2.09,Approved,['ESTIMATED'],USGS-06893940
2025-12-19,1.46,Approved,['ESTIMATED'],USGS-06893940
2025-12-20,0.71,Approved,['ESTIMATED'],USGS-06893940
2025-12-21,0.62,Approved,['ESTIMATED'],USGS-06893940
2025-12-22,0.62,Approved,['ESTIMATED'],USGS-06893940
2025-12-23,0.61,Approved,['ESTIMATED'],USGS-06893940
2025-12-24,0.61,Approved,['ESTIMATED'],USGS-06893940
2025-12-25,0.72,Approved,['ESTIMATED'],USGS-06893940
2025-12-26,0.75,Approved,['ESTIMATED'],USGS-06893940
2025-12-27,0.74,Approved,['ESTIMATED'],USGS-06893940
2025-12-28,1.36,Approved,['ESTIMATED'],USGS-06893940
2025-12-29,0.73,Approved,['ESTIMATED'],USGS-06893940
2025-12-30,0.62,Approved,['ESTIMATED'],USGS-06893940
2025-12-31,0.62,Approved,['ESTIMATED'],USGS-06893940
2026-01-01,0.61,Approved,['ESTIMATED'],USGS-06893940
2026-01-02,0.59,Approved,['ESTIMATED'],USGS-06893940
2026-01-03,0.59,Approved,['ESTIMATED'],USGS-06893940
2026-01-04,0.61,Approved,['ESTIMATED'],USGS-06893940
2026-01-05,0.61,Approved,['ESTIMATED'],USGS-06893940
2026-01-06,0.61,Approved,['ESTIMATED'],USGS-06893940
2026-01-07,0.62,Approved,['ESTIMATED'],USGS-06893940
2026-01-08,15.4,Approved,['ESTIMATED'],USGS-06893940
2026-01-09,3.61,Approved,,USGS-06893940
2026-01-10,3.14,Approved,,USGS-06893940
2026-01-11,1.33,Approved,,USGS-06893940
2026-01-12,0.95,Approved,,USGS-06893940
2026-01-13,0.78,Approved,,USGS-06893940
2026-01-14,0.61,Approved,,USGS-06893940
2026-01-15,0.5,Approved,,USGS-06893940
2026-01-16,0.41,Approved,['ESTIMATED'],USGS-06893940
2026-01-17,0.22,Approved,['ESTIMATED'],USGS-06893940
2026-01-18,0.17,Approved,['ESTIMATED'],USGS-06893940
2026-01-19,0.15,Approved,['ESTIMATED'],USGS-06893940
2026-01-20,0.13,Approved,['ESTIMATED'],USGS-06893940
2026-01-21,0.13,Approved,['ESTIMATED'],USGS-06893940
2026-01-22,0.1,Approved,['ESTIMATED'],USGS-06893940
2026-01-23,0.06,Approved,['ESTIMATED'],USGS-06893940
2026-01-24,0.05,Approved,['ESTIMATED'],USGS-06893940
2026-01-25,0.05,Approved,['ESTIMATED'],USGS-06893940
2026-01-26,0.06,Approved,['ESTIMATED'],USGS-06893940
2026-01-27,0.07,Approved,['ESTIMATED'],USGS-06893940
2026-01-28,0.08,Approved,['ESTIMATED'],USGS-06893940
2026-01-29,0.1,Approved,['ESTIMATED'],USGS-06893940
2026-01-30,0.12,Approved,,USGS-06893940
2026-01-31,0.17,Approved,,USGS-06893940
2026-02-01,0.24,Approved,,USGS-06893940
2026-02-02,0.39,Approved,,USGS-06893940
2026-02-03,0.56,Approved,,USGS-06893940
2026-02-04,0.41,Provisional,,USGS-06893940
2026-02-05,0.57,Provisional,,USGS-06893940
2026-02-06,0.68,Provisional,,USGS-06893940
2026-02-07,0.52,Provisional,,USGS-06893940
2026-02-08,0.5,Provisional,,USGS-06893940
2026-02-09,0.51,Provisional,,USGS-06893940
2026-02-10,0.49,Provisional,,USGS-06893940
2026-02-11,0.4,Provisional,,USGS-06893940
2026-02-12,0.34,Provisional,,USGS-06893940
2026-02-13,0.29,Provisional,,USGS-06893940
2026-02-14,10.2,Provisional,,USGS-06893940
2026-02-15,3.24,Provisional,,USGS-06893940
2026-02-16,1.08,Provisional,['ESTIMATED'],USGS-06893940
2026-02-17,0.54,Provisional,['ESTIMATED'],USGS-06893940
2026-02-18,0.41,Provisional,['ESTIMATED'],USGS-06893940
2026-02-19,0.34,Provisional,['ESTIMATED'],USGS-06893940
2026-02-20,0.31,Provisional,['ESTIMATED'],USGS-06893940
2026-02-21,0.31,Provisional,['ESTIMATED'],USGS-06893940
2026-02-22,0.31,Provisional,['ESTIMATED'],USGS-06893940
2026-02-23,0.32,Provisional,['ESTIMATED'],USGS-06893940
2026-02-24,0.33,Provisional,['ESTIMATED'],USGS-06893940
2026-02-25,0.34,Provisional,['ESTIMATED'],USGS-06893940
2026-02-26,0.34,Provisional,['ESTIMATED'],USGS-06893940
2026-02-27,0.35,Provisional,['ESTIMATED'],USGS-06893940
2026-02-28,0.35,Provisional,['ESTIMATED'],USGS-06893940
2026-03-01,14.0,Provisional,['ESTIMATED'],USGS-06893940
2026-03-02,10.2,Provisional,['ESTIMATED'],USGS-06893940
2026-03-03,3.71,Provisional,['ESTIMATED'],USGS-06893940
2026-03-04,2.33,Provisional,['ESTIMATED'],USGS-06893940
2026-03-05,1.17,Provisional,['ESTIMATED'],USGS-06893940
2026-03-06,52.4,Provisional,,USGS-06893940
2026-03-07,34.2,Provisional,,USGS-06893940
2026-03-08,14.3,Provisional,,USGS-06893940
2026-03-09,11.6,Provisional,,USGS-06893940
2026-03-10,21.3,Provisional,,USGS-06893940
2026-03-11,81.1,Provisional,,USGS-06893940
2026-03-12,19.9,Provisional,,USGS-06893940
2026-03-13,14.5,Provisional,,USGS-06893940
2026-03-14,12.3,Provisional,,USGS-06893940
2026-03-15,11.3,Provisional,,USGS-06893940
2026-03-16,10.2,Provisional,,USGS-06893940
2026-03-17,9.17,Provisional,,USGS-06893940
2026-03-18,9.04,Provisional,,USGS-06893940
2026-03-19,8.57,Provisional,,USGS-06893940
2026-03-20,8.19,Provisional,,USGS-06893940
2026-03-21,8.03,Provisional,,USGS-06893940
2026-03-22,7.42,Provisional,,USGS-06893940
2026-03-23,7.08,Provisional,,USGS-06893940
2026-03-26,6.97,Provisional,,USGS-06893940
2026-03-27,7.29,Provisional,,USGS-06893940
2026-03-28,6.63,Provisional,,USGS-06893940
2026-03-29,6.87,Provisional,,USGS-06893940
2026-03-30,0.77,Provisional,,USGS-06893940
2026-03-31,0.83,Provisional,,USGS-06893940
2026-04-01,5.38,Provisional,,USGS-06893940
2026-04-02,10.0,Provisional,,USGS-06893940
2026-04-03,1.92,Provisional,,USGS-06893940
